{"footerImg": "", "dublincore_id": 122, "resourceDir": "", "backgroundImg": "", "email": "", "description": "", "backgroundImgTile": false, "footer": "", "level1": "Topic", "level2": "Section", "style": "tum2-responsive", "user_id": 45, "author": "", "license": "", "level3": "Unit", "title": "Creyoco Help", "nodes": [{"is_root": true, "children": [{"is_root": false, "children": [{"is_root": false, "children": [], "idevices": [{"content": "<p>\n Creyoco is a learning module editor for arranging different types of teaching and learning content (text, pictures, data for download, audio and video material etc.) as autonomous module. Besides the simple creation of learning modules and websites, interactive elements like exercises for self-testing purpose can be embedded into the content.\n</p>\n<p>\n Learning modules and websites are created easily in a short time and automatically get navigation placed on the left side. The contents of modules can be used with different layouts in different contexts. Afterwards the learning modules can be used in various output formats: The learning module can be offered on a website or be embedded in a learning platform and made available thereby.\n</p>\n<p>\n The SCORM standard is able to send the page views and the e-test results to a learning platform, if needed; the users data can be tracked from there.\n</p>\n<p>\n Creyoco can be used for free on www.creyoco.de.\n</p>\n<p>\n If necessary, the software can be downloaded and run on a private server (open source).\n</p>\n", "edit": false, "child_type": "FreeTextIdevice"}, {"content": "<div>\n <p>\n  <span style=\"font-size:16px\">\n   <strong>\n    <span style=\"color:#800000\">\n     Creyoco: General Characteristics\n    </span>\n   </strong>\n  </span>\n </p>\n</div>\n<ul>\n <li>\n  Separation of layout and content by \u201estyles\u201c\n </li>\n <li>\n  Hierarchical structure: Unlimited number of layers\n </li>\n <li>\n  Didactical tools like previous knowledge\n </li>\n <li>\n  Interactive learning elements: Test questions (multiple choice, cloze tests), reflection\n </li>\n <li>\n  Workshop instructions, password-protected text\n </li>\n <li>\n  Text editor with integration of media\n </li>\n</ul>\n", "edit": false, "child_type": "FreeTextIdevice"}, {"content": "<div>\n <p>\n  <span style=\"font-size:16px\">\n   <strong>\n    <span style=\"color:#800000\">\n     Background information on Creyoco\n    </span>\n   </strong>\n  </span>\n </p>\n</div>\n<ul>\n <li>\n  Developed in the Media Center of the TUM\n </li>\n <li>\n  Advancement of the editor \u201eeXe-Learning\u201c\n </li>\n <li>\n  Web-based and independent of the operating system\n </li>\n</ul>\n", "edit": false, "child_type": "FreeTextIdevice"}], "package_id": 103, "title": "1.1 DEVELOPMENT OF LEARNING MODULES AND WEBSITES", "id": 1739, "parent_id": 1738}, {"is_root": false, "children": [], "idevices": [{"content": "<p>\n In the context of university courses there are different areas of application.\n <br/>\n A selection of options:\n</p>\n", "edit": false, "child_type": "FreeTextIdevice"}, {"content": "<div>\n <p>\n  <span style=\"font-size:16px\">\n   <strong>\n    <span style=\"color:#800000\">\n     Before the course\n    </span>\n   </strong>\n  </span>\n </p>\n</div>\n<p>\n <strong>\n  Creating grading tests\n </strong>\n</p>\n<ul>\n <li>\n  Before the first lecture\n </li>\n <li>\n  Assessing the preexisting knowledge\n </li>\n</ul>\n<p>\n <strong>\n  Providing information about the course\n </strong>\n</p>\n<ul>\n <li>\n  Content overview of prior knowledge\n </li>\n <li>\n  Sources with hyperlinks\n </li>\n <li>\n  Embedded Wikipedia articles\n </li>\n</ul>\n<p>\n <strong>\n  Introduction to the seminar\n </strong>\n</p>\n<ul>\n <li>\n  Additional material is provided by the lecturers\n </li>\n <li>\n  Flipped Classroom \u2013 preparation\n </li>\n</ul>\n", "edit": false, "child_type": "FreeTextIdevice"}, {"content": "<div>\n <p>\n  <span style=\"font-size:16px\">\n   <strong>\n    <span style=\"color:#800000\">\n     During the lecture\n    </span>\n   </strong>\n  </span>\n </p>\n</div>\n<p>\n <strong>\n  Dealing with topics\n </strong>\n</p>\n<ul>\n <li>\n  Background knowledge / content-related additions in specific subjects\n </li>\n <li>\n  Embedding Wikis on relevant topics\n </li>\n <li>\n  Material can be used independently by the learners\n </li>\n</ul>\n<p>\n <strong>\n  Exercises and homework\n </strong>\n</p>\n<ul>\n <li>\n  Intermediate tests can be done by the learners to query their knowledge\n </li>\n <li>\n  Case studies can be presented in Creyoco\n </li>\n</ul>\n", "edit": false, "child_type": "FreeTextIdevice"}, {"content": "<div>\n <p>\n  <span style=\"font-size:16px\">\n   <strong>\n    <span style=\"color:#800000\">\n     After the course\n    </span>\n   </strong>\n  </span>\n </p>\n</div>\n<ul>\n <li>\n  Contents of the learners can be added to supplement present Creyoco learning modules\n </li>\n <li>\n  Embedding in the learning platform as a standardised learning module\n </li>\n</ul>\n", "edit": false, "child_type": "FreeTextIdevice"}], "package_id": 103, "title": "1.2 RANGE OF USE", "id": 1740, "parent_id": 1738}, {"is_root": false, "children": [], "idevices": [{"content": "<p>\n In order to create learning modules with creyoco, please open\n <a href=\"http://www.creyoco.de\">\n  www.creyoco.de\n </a>\n . Creyoco is web-based and can be used directly in the web browser. No installation of a program is necessary. This ensures an access of creyoco, independent of the location and the operating system, as long as you are connected to the Internet.\n</p>\n<p>\n At the beginning it is necessary to register as a user in Creyoco. Thus, a personal account is generated for you. With your login information, you can access your learning modules at any time.\n</p>\n", "edit": false, "child_type": "FreeTextIdevice"}, {"content": "<div>\n <p>\n  <span style=\"font-size:16px\">\n   <strong>\n    <span style=\"color:#800000\">\n     Registration\n    </span>\n   </strong>\n  </span>\n </p>\n</div>\n<p>\n <img alt=\"Beschreibung: Macintosh HD:Users:admin:Desktop:registrierung.png\" src=\"anleitung_de_28_09_2015-Registrierung.png\" style=\"border-style:solid; border-width:1px; float:right; height:151px; margin:10px; width:200px\"/>\n To register on\n <a href=\"http://www.creyoco.de\">\n  www.creyoco.de\n </a>\n : Enter a user name, a valid e-mail address and password in the online form and confirm your entries by clicking on \u201eCreate account\u201c.\n</p>\n<p>\n Your account will be created. Click on the link \u201eGo to profile\u201c to go directly to your account.\n</p>\n<p>\n Note: If the error message \u201eBitte geben Sie einen Benutzernamen an\u201c appears next to the field of the user name, this username is already taken. Try a different username in this case.\n</p>\n", "edit": false, "child_type": "FreeTextIdevice"}, {"content": "<div>\n <p>\n  <span style=\"font-size:16px\">\n   <strong>\n    <span style=\"color:#800000\">\n     Login\n    </span>\n   </strong>\n  </span>\n </p>\n</div>\n<p>\n <img alt=\"Beschreibung: Macintosh HD:Users:admin:Desktop:anmeldung.png\" src=\"anleitung_de_28_09_2015-Anmeldung.png\" style=\"border-style:solid; border-width:1px; float:right; height:81px; margin:10px; width:200px\"/>\n If you are already registered, you can sign in to\n <a href=\"http://www.creyoco.de\">\n  www.creyoco.de\n </a>\n by entering your user name and the according password and clicking on \u201eLogin\u201c.\n</p>\n<p>\n A successful login takes you to the learning module overview of your account.\n</p>\n", "edit": false, "child_type": "FreeTextIdevice"}, {"content": "<div>\n <p>\n  <span style=\"font-size:16px\">\n   <strong>\n    <span style=\"color:#800000\">\n     Logout\n    </span>\n   </strong>\n  </span>\n </p>\n</div>\n<p>\n Click on the \u201eLogout\u201c link at the top on the right to log out.\n</p>\n", "edit": false, "child_type": "FreeTextIdevice"}], "package_id": 103, "title": "1.3 REGISTRATION AND LOG IN", "id": 1741, "parent_id": 1738}], "idevices": [{"content": "A multimedia-based learning module is a didactically structured tutorial. The content can be displayed through texts, hyperlinks, pictures, graphics, data files for download, audio, video etc. You can create interactive education modules by integrating applets and exercises (multiple choice questions, cloze tests, reflective tasks). Simple creation of modules is possible with the module editor.\n", "edit": false, "child_type": "FreeTextIdevice"}, {"content": "<div>\n <p>\n  <span style=\"font-size:16px\">\n   <strong>\n    <span style=\"color:#800000\">\n     What is a learning module editor?\n    </span>\n   </strong>\n  </span>\n </p>\n</div>\n<p>\n \u201eEditor tools serve for the creation of multimedia-based learning sequences and presentations with a programming knowledge as little as possible and facilitate the creation of e-learning media for a wide group of users.\u201c\n</p>\n<p>\n (\n <em>\n  Loos/Zimmermann/Chikova 2008\n </em>\n )\n</p>\n", "edit": false, "child_type": "FreeTextIdevice"}, {"content": "<div>\n <p>\n  <span style=\"font-size:16px\">\n   <strong>\n    <span style=\"color:#800000\">\n     Characteristics of the education module editor\n    </span>\n   </strong>\n  </span>\n </p>\n</div>\n<p>\n <strong>\n  Simple, intuitive operation without programming knowledge\n </strong>\n <br/>\n Authors without any knowledge of programming language or scripting language can easily create a learning module.\n</p>\n<p>\n <strong>\n  Creation of structured learning content\n </strong>\n <br/>\n The available functionalities serve the didactical preparation of the course content.\n</p>\n<p>\n <strong>\n  Modular design\n </strong>\n <br/>\n The author of the education module can choose between a variety of tools (text processing, integration of pictures etc.) and also combine them.\n</p>\n<p>\n <strong>\n  Unrelated learning modules\n </strong>\n <br/>\n The learning module is not enclosed to a platform and therefore both usable as website and can be embedded into a platform.\n</p>\n<p>\n (\n <em>\n  Vgl. Nieweler 2006, Roche 2007\n </em>\n )\n</p>\n", "edit": false, "child_type": "FreeTextIdevice"}], "package_id": 103, "title": "1 LEARNING MODULES AND MODULE EDITORS", "id": 1738, "parent_id": 1704}, {"is_root": false, "children": [{"is_root": false, "children": [], "idevices": [{"content": "<p>\n After logging in, you can see your course overview, where the learning modules are listed.\n</p>\n<p>\n You can create new courses and administer existing modules.\n</p>\n<p>\n <img src=\"anleitung_de_28_09_2015-Ueberblick.png\" style=\"border-style:solid; border-width:1px; height:100%; width:100%\"/>\n</p>\n<p>\n</p>\n", "edit": false, "child_type": "FreeTextIdevice"}, {"content": "<div>\n <div>\n  <p>\n   <span style=\"font-size:16px\">\n    <strong>\n     <span style=\"color:#800000\">\n      User interface of a learning module\n     </span>\n    </strong>\n   </span>\n  </p>\n </div>\n <p>\n  To edit a learning module, click on the name of the course in the course overview. Then the screen is optically divided into three sections:\n </p>\n <p>\n  <img alt=\"\" src=\"anleitung_de_28_09_2015-Benutzeroberflaeche.png\" style=\"border-style:solid; border-width:1px; height:100%; width:100%\"/>\n </p>\n <p>\n  On the left side the navigation of the learning module is displayed. You can add pages, remove pages, rename pages and duplicate pages.\n </p>\n <p>\n  On the right side the \u201einstructional devices\u201c (iDevices) are listed. iDevices are structural templates for each page.\n </p>\n <p>\n  The editing of the content is done in the main area in the middle of the page. Here you can switch between the following four areas:\n </p>\n <table border=\"0\" cellpadding=\"1\" cellspacing=\"1\" style=\"width:100%\">\n  <tbody>\n   <tr>\n    <td width=\"20%\">\n     <strong>\n      Edit content\n     </strong>\n    </td>\n    <td>\n     Content editing and pasting iDevices\n    </td>\n   </tr>\n   <tr>\n    <td>\n     <strong>\n      Choose layout\n     </strong>\n    </td>\n    <td>\n     Choosing the layout\n    </td>\n   </tr>\n   <tr>\n    <td>\n     <strong>\n      Download package\n     </strong>\n    </td>\n    <td>\n     Export of the learning module\n    </td>\n   </tr>\n   <tr>\n    <td>\n     <strong>\n      Metadata\n     </strong>\n    </td>\n    <td>\n     Additional information on the learning module\n    </td>\n   </tr>\n  </tbody>\n </table>\n <p>\n  To switch to another module or to course overview, click on the title of the open course at the top on the right. You can select the desired module in the drop-down menu (the course overview is listed at the bottom by default).\n </p>\n <img src=\"anleitung_de_28_09_2015-Demokurs.png\" style=\"height:205px; margin:10px; width:188px\"/>\n</div>\n", "edit": false, "child_type": "FreeTextIdevice"}], "package_id": 103, "title": "2.1 HOW DO I CREATE A LEARNING MODULE?", "id": 1744, "parent_id": 1742}, {"is_root": false, "children": [], "idevices": [{"content": "<p>\n You can create and manage new learning modules in the course overview.\n</p>\n", "edit": false, "child_type": "FreeTextIdevice"}, {"content": "<div>\n <p>\n  <span style=\"font-size:16px\">\n   <strong>\n    <span style=\"color:#800000\">\n     Managing learning modules at a glance\n    </span>\n   </strong>\n  </span>\n </p>\n</div>\n<table border=\"0\" cellpadding=\"5\" cellspacing=\"1\" style=\"width:100%\">\n <tbody>\n  <tr>\n   <td>\n    <img alt=\"\" src=\"create_new_course.png\" style=\"height:100%; width:100%\"/>\n   </td>\n   <td>\n    <strong>\n     CREATE\n    </strong>\n    <br/>\n    Enter the name of your learning module and confirm with \u201cOK\u201d. The new module is added to the list of course overview.\n   </td>\n  </tr>\n  <tr>\n   <td>\n    <img alt=\"\" src=\"Import_Course.png\" style=\"height:100%; width:100%\"/>\n   </td>\n   <td>\n    <strong>\n     IMPORT\n    </strong>\n    <br/>\n    Select the course file and click \u201cUpload\u201d.\n   </td>\n  </tr>\n  <tr>\n   <td>\n    <img alt=\"\" src=\"Auswahl_Pfeil.png\" style=\"height:100%; width:100%\"/>\n   </td>\n   <td>\n    <strong>\n     SELECTION\n    </strong>\n    <br/>\n    Click in the square next to the learning module.\n   </td>\n  </tr>\n  <tr>\n   <td>\n    <img alt=\"\" src=\"Remove_selected_courses.png\" style=\"height:100%; width:100%\"/>\n   </td>\n   <td>\n    <strong>\n     REMOVE\n    </strong>\n    <br/>\n    To delete a learning module, it must be selected.\n   </td>\n  </tr>\n  <tr>\n   <td>\n    <img alt=\"\" src=\"Duplicate_selected_courses.png\" style=\"height:100%; width:100%\"/>\n   </td>\n   <td>\n    <strong>\n     DUPLICATE\n    </strong>\n    <br/>\n    To double learning modules, they must be selected.\n   </td>\n  </tr>\n </tbody>\n</table>\n", "edit": false, "child_type": "FreeTextIdevice"}, {"content": "<div>\n <p>\n  <span style=\"font-size:16px\">\n   <strong>\n    <span style=\"color:#800000\">\n     Meaning of icons in the learning modules\n    </span>\n   </strong>\n  </span>\n </p>\n</div>\n<p>\n Next to each learning module in the course overview there are other useful symbols:\n</p>\n<table border=\"0\" cellpadding=\"1\" cellspacing=\"1\" style=\"width:100%\">\n <tbody>\n  <tr>\n   <td>\n    <img alt=\"\" src=\"Button_Vorschau.png\" style=\"height:56px; width:63px\"/>\n   </td>\n   <td>\n    <p>\n     <strong>\n      PREVIEW\n     </strong>\n     <br/>\n     It opens a preview of the learning module in the browser.\n    </p>\n    <p>\n     The button has no effect, it has not been implemented yet.\n    </p>\n   </td>\n  </tr>\n  <tr>\n   <td>\n    <img alt=\"\" src=\"Button_Export.png\" style=\"height:57px; width:66px\"/>\n   </td>\n   <td>\n    <p>\n     <strong>\n      EXPORT\n     </strong>\n     <br/>\n     Select the file format for the course export. At your disposal are IMS package, Common Cartridge, SCORM 2004, SCORM 1.2 and website.\n    </p>\n    <p>\n     The button has no effect, it has not been implemented yet.\n    </p>\n   </td>\n  </tr>\n </tbody>\n</table>\n<p style=\"margin-left:49.65pt\">\n</p>\n<p style=\"margin-left:49.65pt\">\n</p>\n", "edit": false, "child_type": "FreeTextIdevice"}], "package_id": 103, "title": "2.2 THE USER INTERFACE OF CREYOCO AT A GLANCE", "id": 1745, "parent_id": 1742}, {"is_root": false, "children": [], "idevices": [{"content": "<p>\n At Creyoco the navigation of your learning module is located in the left column. By default, the item \u201cHome\u201d is available.\n</p>\n<img alt=\"\" src=\"anleitung_de_28_09_2015-Benutzeroberflaeche.png\" style=\"height:100%; width:100%\"/>\n", "edit": false, "child_type": "FreeTextIdevice"}, {"content": "<div>\n <p>\n  <span style=\"font-size:16px\">\n   <strong>\n    <span style=\"color:#800000\">\n     Control panels of navigation at a glance\n    </span>\n   </strong>\n  </span>\n </p>\n <table border=\"0\" cellpadding=\"1\" cellspacing=\"1\" style=\"width:100%\">\n  <tbody>\n   <tr>\n    <td>\n     <img alt=\"\" src=\"Navigation_Add_Page.png\" style=\"height:52px; width:53px\"/>\n    </td>\n    <td>\n     <strong>\n      ADD PAGE\n     </strong>\n     <br/>\n     Enter a name for your new page and click on \u201cCreate\u201d. A new navigation point is created.\n    </td>\n   </tr>\n   <tr>\n    <td>\n     <img alt=\"\" src=\"Navigation_Remove_Page.png\" style=\"height:59px; width:53px\"/>\n    </td>\n    <td>\n     <strong>\n      REMOVE PAGE\n     </strong>\n     <br/>\n     The currently selected page is deleted. Deletion must be confirmed with \u201cYes\u201d.\n    </td>\n   </tr>\n   <tr>\n    <td>\n     <img alt=\"\" src=\"Navigation_Rename_Page.png\" style=\"height:61px; width:59px\"/>\n    </td>\n    <td>\n     <strong>\n      RENAME PAGE\n     </strong>\n     <br/>\n     The name of the currently selected page can be changed. Confirm the new name of the page with the return key.\n    </td>\n   </tr>\n   <tr>\n    <td>\n     <img alt=\"\" src=\"Navigation_Dupligate_Page.png\" style=\"height:64px; width:66px\"/>\n    </td>\n    <td>\n     <strong>\n      DUPLICATE PAGE\n     </strong>\n     <br/>\n     The selected page is doubled.\n    </td>\n   </tr>\n   <tr>\n    <td>\n     <img alt=\"\" src=\"Navigation_More.png\" style=\"height:63px; width:68px\"/>\n    </td>\n    <td>\n     <strong>\n      MORE...\n     </strong>\n     <br/>\n     A second line with local panels for navigation is displayed or hidden.\n    </td>\n   </tr>\n   <tr>\n    <td>\n     <img alt=\"\" src=\"Navigation_Demote_Page.png\" style=\"height:60px; width:55px\"/>\n    </td>\n    <td>\n     <strong>\n      DEMOTE PAGE\n     </strong>\n     <br/>\n     The selected page is indented one level.\n    </td>\n   </tr>\n   <tr>\n    <td>\n     <img alt=\"\" src=\"Navigation_Promote_Page.png\" style=\"height:56px; width:57px\"/>\n    </td>\n    <td>\n     <strong>\n      PROMOTE PAGE\n     </strong>\n     <br/>\n     The selected page is moved up one level to the left.\n    </td>\n   </tr>\n   <tr>\n    <td>\n     <img alt=\"\" src=\"Navigation_Move_up.png\" style=\"height:47px; width:68px\"/>\n    </td>\n    <td>\n     <strong>\n      MOVE UP\n     </strong>\n     <br/>\n     The selected page is moved upwards within a level.\n    </td>\n   </tr>\n   <tr>\n    <td>\n     <img alt=\"\" src=\"Navigation_Move_Down.png\" style=\"height:46px; width:71px\"/>\n    </td>\n    <td>\n     <strong>\n      MOVE DOWN\n     </strong>\n     <br/>\n     The selected page is moved down within a level.\n    </td>\n   </tr>\n  </tbody>\n </table>\n</div>\n", "edit": false, "child_type": "FreeTextIdevice"}], "package_id": 103, "title": "2.3 NAVIGATION", "id": 1746, "parent_id": 1742}, {"is_root": false, "children": [], "idevices": [{"content": "<p>\n Texts, web sites, tests etc. can be inserted in pre-fabricated structures with the help of iDevices. The iDevices are in the right column and are structured by topics.\n</p>\nTo insert an iDevice into a page, you select the required template by clicking\n", "edit": false, "child_type": "FreeTextIdevice"}, {"content": "<div>\n <p>\n  <span style=\"font-size:16px\">\n   <strong>\n    <span style=\"color:#800000\">\n     iDevices \u2013 overview\n    </span>\n   </strong>\n  </span>\n </p>\n <table border=\"0\" cellpadding=\"1\" cellspacing=\"1\" style=\"width:100%\">\n  <tbody>\n   <tr>\n    <td>\n     <p>\n      <strong>\n       Content\n      </strong>\n     </p>\n    </td>\n    <td>\n    </td>\n   </tr>\n   <tr>\n    <td>\n     Activity\n    </td>\n    <td>\n     Text content with a headline\n    </td>\n   </tr>\n   <tr>\n    <td>\n     Free Text\n    </td>\n    <td>\n     Text content\n    </td>\n   </tr>\n   <tr>\n    <td>\n     Glossary\n    </td>\n    <td>\n     Two input fields with a headline for each entry: title and definition\n    </td>\n   </tr>\n   <tr>\n    <td>\n     Pdf iDevice\n    </td>\n    <td>\n     PDF file with page selection\n    </td>\n   </tr>\n   <tr>\n    <td>\n     Protected Free Text\n    </td>\n    <td>\n     password-protected text content\n    </td>\n   </tr>\n   <tr>\n    <td>\n     Reading Activity\n    </td>\n    <td>\n     Three input fields with a headline: reading text, activity and feedback\n    </td>\n   </tr>\n   <tr>\n    <td>\n     Table of Content\n    </td>\n    <td>\n     Inserting the navigation as a table of contents\n    </td>\n   </tr>\n   <tr>\n    <td>\n     Wiki Article\n    </td>\n    <td>\n     Inserting Wikipedia articles\n    </td>\n   </tr>\n   <tr>\n    <td>\n    </td>\n    <td>\n    </td>\n   </tr>\n   <tr>\n    <td>\n     <p>\n      <strong>\n       Didactics\n      </strong>\n     </p>\n    </td>\n    <td>\n    </td>\n   </tr>\n   <tr>\n    <td>\n     Objectives\n    </td>\n    <td>\n     Text content with a headline\n    </td>\n   </tr>\n   <tr>\n    <td>\n     Preknowledge\n    </td>\n    <td>\n     Text content with a headline\n    </td>\n   </tr>\n   <tr>\n    <td>\n     Remark\n    </td>\n    <td>\n     Text content with a headline\n    </td>\n   </tr>\n   <tr>\n    <td>\n    </td>\n    <td>\n    </td>\n   </tr>\n   <tr>\n    <td>\n     <p>\n      <strong>\n       Communication\n      </strong>\n     </p>\n    </td>\n    <td>\n    </td>\n   </tr>\n   <tr>\n    <td>\n     Feedback\n    </td>\n    <td>\n     Provide an email address to which the learners can send feedback.\n    </td>\n   </tr>\n   <tr>\n    <td>\n     RSS\n    </td>\n    <td>\n     Inserting RSS\n    </td>\n   </tr>\n   <tr>\n    <td>\n    </td>\n    <td>\n    </td>\n   </tr>\n   <tr>\n    <td>\n     <p>\n      <strong>\n       Test\n      </strong>\n     </p>\n    </td>\n    <td>\n    </td>\n   </tr>\n   <tr>\n    <td>\n     Case Study\n     <br/>\n    </td>\n    <td>\n     Three input fields with a headline: reading text, activity and feedback\n    </td>\n   </tr>\n   <tr>\n    <td>\n     Cloze\n     <br/>\n    </td>\n    <td>\n     Three input fields with heading: description, cloze test und feedback\n     <br/>\n     For cloze: To insert a gap, highlight the relevant text and underline it.\n    </td>\n   </tr>\n   <tr>\n    <td>\n     Multiple Choice\n    </td>\n    <td>\n     Headline and the box for the question; now feedback can be given to each possible answer.\n     <br/>\n     Multiple choice questions can be made with both multiple correct answers and only one correct answer.\n    </td>\n   </tr>\n   <tr>\n    <td>\n     Reflection\n    </td>\n    <td>\n     Two input fields with a headline: activity and answer\n    </td>\n   </tr>\n   <tr>\n    <td>\n    </td>\n    <td>\n    </td>\n   </tr>\n   <tr>\n    <td>\n     <p>\n      <strong>\n       Media\n      </strong>\n     </p>\n    </td>\n    <td>\n    </td>\n   </tr>\n   <tr>\n    <td>\n     External Web Site\n    </td>\n    <td>\n     Integrating an external webpage that is displayed in the learning module.\n    </td>\n   </tr>\n   <tr>\n    <td>\n     Java Applet iDevice\n    </td>\n    <td>\n     Integrating a Java applet\n    </td>\n   </tr>\n  </tbody>\n </table>\n</div>\n", "edit": false, "child_type": "FreeTextIdevice"}], "package_id": 103, "title": "2.4 INTEGRATION OF I-DEVICES", "id": 1747, "parent_id": 1742}, {"is_root": false, "children": [], "idevices": [{"content": "<p>\n <span style=\"font-size:16px\">\n  <strong>\n   <span style=\"color:#800000\">\n    The following two steps are required to export learning modules:\n   </span>\n  </strong>\n </span>\n <br/>\n 1) Choosing a layout\n <br/>\n 2) Export of the learning module\n</p>\n", "edit": false, "child_type": "FreeTextIdevice"}, {"content": "<div>\n <p>\n  <span style=\"font-size:16px\">\n   <strong>\n    <span style=\"color:#800000\">\n     1) Choosing a layout\n    </span>\n   </strong>\n  </span>\n </p>\n</div>\n<p>\n Click on the link \u201cChoose layout\u201d in the menu. There are two different layout options available. Each layout on the right represents a responsive website, i.e. the website adapts optically to the size of the respective terminal screen.\n</p>\n<p>\n Click on the desired layout. This will open a preview of the page. You can close the preview window by clicking on the cross icon on the top right.\n</p>\n<p>\n Note: Not all features are displayed correctly in the preview. Therefore, you should check your learning modules later in the exported version.\n</p>\n", "edit": false, "child_type": "FreeTextIdevice"}, {"content": "<div>\n <p>\n  <span style=\"font-size:16px\">\n   <strong>\n    <span style=\"color:#800000\">\n     2) Export of the learning module\n    </span>\n   </strong>\n  </span>\n </p>\n</div>\n<p>\n Click on the link \u201cDownload package\u201d in the menu. Creyoco offers different export options: IMS Package, Common Cartridge, SCORM 2004, SCORM 1.2 and website (zip).\n</p>\n<p>\n The learning module is exported with the layout that you selected in the last step.\n</p>\n<p>\n <span style=\"font-size:14px\">\n  <strong>\n   <span style=\"color:#800000\">\n    Export as web page\n   </span>\n  </strong>\n </span>\n</p>\n<p>\n If you want to publish your learning module directly on the Internet in the form of a website, choose the export option \u201cwebsite (zip)\u201d. In this case creyoco produces an HTML-based Web page with a front page \u201cindex.html\u201d with your learning module. If you copy the entire contents of the folder and upload them on a web server, you can launch the finished website immediately.\n</p>\n", "edit": false, "child_type": "FreeTextIdevice"}], "package_id": 103, "title": "2.5 EXPORT OF CREYOCO MODULES", "id": 1748, "parent_id": 1742}], "idevices": [{"content": "<p>\n To create a learning module (also a website) with creyoco the following basic steps are recommended:\n</p>\n<hr/>\n<p>\n <span style=\"font-size:14px\">\n  <strong>\n   <span style=\"color:#800000\">\n    1)\u00a0\u00a0 Create new learning module\n   </span>\n  </strong>\n </span>\n</p>\n<p>\n A new learning module is created in the course overview.\n</p>\n<hr/>\n<p>\n <span style=\"font-size:14px\">\n  <strong>\n   <span style=\"color:#800000\">\n    2)\u00a0\u00a0 Creating a structure (navigation) for the learning module\n   </span>\n  </strong>\n </span>\n</p>\n<p>\n You can add pages, remove pages, rename pages and duplicate pages. The sites can be moved up or down and the level of detail of the pages can be changed in the navigation.\n</p>\n<hr/>\n<p>\n <span style=\"font-size:14px\">\n  <strong>\n   <span style=\"color:#800000\">\n    3)\u00a0\u00a0 Pasting content using the instructional Devices (iDevices)\n   </span>\n  </strong>\n </span>\n</p>\n<p>\n Texts, web sites, tests etc. can be inserted in pre-fabricated structures by iDevices. The iDevices are structured into topics.\n</p>\n<hr/>\n<p>\n <span style=\"font-size:14px\">\n  <strong>\n   <span style=\"color:#800000\">\n    4)\u00a0\u00a0 Choosing a layout\n   </span>\n  </strong>\n </span>\n</p>\n<p>\n There are two different layouts to choose from. For each layout a version with responsive web design is available.\n</p>\n<hr/>\n<p>\n <span style=\"font-size:14px\">\n  <strong>\n   <span style=\"color:#800000\">\n    5)\u00a0\u00a0 Export of the learning module\n   </span>\n  </strong>\n </span>\n</p>\n<p>\n For the publication as a web page or in a learning platform the learning module can be exported as website (Zip), IMS Package, Common Cartridge, SCORM 2004 and SCORM 1.2.\n</p>\n", "edit": false, "child_type": "FreeTextIdevice"}], "package_id": 103, "title": "2. CREATION OF LEARNING MODULES WITH CREYOCO", "id": 1742, "parent_id": 1704}], "idevices": [{"content": "<h1>\n Welcome to our help- and support pages\n</h1>\n", "edit": false, "child_type": "FreeTextIdevice"}, {"edit": false, "content": "", "child_type": "TOCIdevice"}], "package_id": 103, "title": "Home", "id": 1704, "parent_id": null}], "id": 103, "files": ["create_new_course.png", "Navigation_Promote_Page.png", "Navigation_Demote_Page.png", "anleitung_de_28_09_2015-Registrierung.png", "anleitung_de_28_09_2015-Ueberblick.png", "Navigation_Move_up.png", "Button_Vorschau.png", "Navigation_Add_Page.png", "anleitung_de_28_09_2015-Benutzeroberflaeche.png", "Navigation_More.png", "/home/medienzentrum/creyoco/exedjango/static/css/styles/tum2-responsive/icon_inter.gif", "Remove_selected_courses.png", "Button_Export.png", "Duplicate_selected_courses.png", "Import_Course.png", "Navigation_Rename_Page.png", "Navigation_Remove_Page.png", "anleitung_de_28_09_2015-Anmeldung.png", "Navigation_Dupligate_Page.png", "Navigation_Move_Down.png", "Auswahl_Pfeil.png", "anleitung_de_28_09_2015-Demokurs.png"]}